frame,tempo_s,pessoas_yolo,mascara_unet_px
0,0.0,0,1318
1,0.125,0,0
2,0.25,2,4217
3,0.375,3,6663
4,0.5,3,5888
5,0.625,5,6663
6,0.75,3,6974
7,0.875,3,7162
8,1.0,3,6965
9,1.125,3,6863
10,1.25,4,5963
11,1.375,4,5363
12,1.5,3,4633
13,1.625,2,5574
14,1.75,3,5021
15,1.875,4,5404
16,2.0,3,5674
17,2.125,3,5490
18,2.25,3,6697
19,2.375,3,7041
20,2.5,2,6635
21,2.625,3,6173
22,2.75,4,5542
23,2.875,3,5565
24,3.0,4,6052
25,3.125,3,6230
26,3.25,3,7002
27,3.375,4,6686
28,3.5,3,6767
29,3.625,3,6389
30,3.75,3,6135
31,3.875,3,5905
32,4.0,4,5863
33,4.125,3,5858
34,4.25,3,5948
35,4.375,3,6107
36,4.5,3,6631
37,4.625,3,7123
38,4.75,3,7081
39,4.875,3,6920
40,5.0,4,6715
41,5.125,4,6694
42,5.25,2,6505
43,5.375,4,6291
44,5.5,3,6048
45,5.625,4,5710
46,5.75,4,5882
47,5.875,4,5792
48,6.0,4,5402
49,6.125,4,5478
50,6.25,4,5648
51,6.375,4,5739
52,6.5,4,5878
53,6.625,4,6743
54,6.75,5,6993
55,6.875,3,7238
56,7.0,3,7071
57,7.125,3,6852
58,7.25,3,6454
59,7.375,3,6062
60,7.5,3,6079
61,7.625,4,5717
62,7.75,2,5965
63,7.875,2,6008
64,8.0,3,6100
65,8.125,4,6010
66,8.25,4,5327
67,8.375,3,6230
68,8.5,3,6357
69,8.625,3,6412
70,8.75,4,6452
71,8.875,4,6348
72,9.0,4,6309
73,9.125,4,6246
74,9.25,4,5508
75,9.375,4,5540
76,9.5,4,5421
77,9.625,3,5820
78,9.75,3,4980
79,9.875,3,5031
