frame,tempo_s,pessoa_detectada,confianca_yolo,area_mascara_px,numero_pessoas,candidatos_mascara_naovazia,bbox_x1,bbox_y1,bbox_x2,bbox_y2,acao,confianca_slowfast,frame_inicial_janela,frame_final_janela
0,0.0,False,0.0,0,0,0,,,,,tango dancing,0.32162,0,31
1,0.125,False,0.0,0,0,0,,,,,tango dancing,0.32162,0,31
2,0.25,True,0.35741,0,2,0,47,33,118,175,tango dancing,0.32162,0,31
3,0.375,True,0.84872,0,3,0,144,8,187,139,tango dancing,0.32162,0,31
4,0.5,True,0.85275,0,3,0,144,8,187,142,tango dancing,0.32162,0,31
5,0.625,True,0.6754,420,5,1,43,45,119,167,tango dancing,0.32162,0,31
6,0.75,True,0.88281,0,3,0,144,8,187,142,tango dancing,0.32162,0,31
7,0.875,True,0.89053,0,3,0,144,8,187,142,tango dancing,0.32162,0,31
8,1.0,True,0.88998,0,3,0,144,8,187,142,tango dancing,0.32162,0,31
9,1.125,True,0.86776,0,3,0,144,8,187,141,tango dancing,0.32162,0,31
10,1.25,True,0.42813,1616,4,1,22,38,112,167,tango dancing,0.32162,0,31
11,1.375,True,0.54234,2814,4,1,21,33,112,167,tango dancing,0.32162,0,31
12,1.5,True,0.84348,0,3,0,144,9,187,142,tango dancing,0.32162,0,31
13,1.625,True,0.78608,0,2,0,144,8,187,142,tango dancing,0.32162,0,31
14,1.75,True,0.78192,0,3,0,144,8,187,141,tango dancing,0.32162,0,31
15,1.875,True,0.38344,1883,4,1,21,30,116,176,tango dancing,0.32162,0,31
16,2.0,True,0.79724,0,3,0,144,8,186,141,tango dancing,0.32162,0,31
17,2.125,True,0.83652,0,3,0,143,9,187,141,tango dancing,0.32162,0,31
18,2.25,True,0.77598,0,3,0,144,9,186,142,tango dancing,0.32162,0,31
19,2.375,True,0.76052,0,3,0,144,9,186,141,tango dancing,0.32162,0,31
20,2.5,True,0.77037,0,2,0,144,9,186,142,tango dancing,0.32162,0,31
21,2.625,True,0.46636,2276,3,1,32,44,118,165,tango dancing,0.32162,0,31
22,2.75,True,0.62937,2170,4,1,34,45,119,164,tango dancing,0.32162,0,31
23,2.875,True,0.70456,1715,3,1,36,45,118,163,tango dancing,0.32162,0,31
24,3.0,True,0.62639,1765,4,1,38,46,119,164,tango dancing,0.55333,16,47
25,3.125,True,0.70204,0,3,0,142,12,184,143,tango dancing,0.55333,16,47
26,3.25,True,0.80225,0,3,0,142,12,184,143,tango dancing,0.55333,16,47
27,3.375,True,0.79704,0,4,0,143,13,183,143,tango dancing,0.55333,16,47
28,3.5,True,0.79533,0,3,0,142,13,183,143,tango dancing,0.55333,16,47
29,3.625,True,0.78754,0,3,0,140,13,183,144,tango dancing,0.55333,16,47
30,3.75,True,0.78263,0,3,0,142,14,183,143,tango dancing,0.55333,16,47
31,3.875,True,0.76913,0,3,0,141,14,183,143,tango dancing,0.55333,16,47
32,4.0,True,0.79955,0,4,0,142,15,183,143,tango dancing,0.55333,16,47
33,4.125,True,0.81878,0,3,0,142,15,183,143,tango dancing,0.55333,16,47
34,4.25,True,0.80647,0,3,0,142,15,183,143,tango dancing,0.55333,16,47
35,4.375,True,0.77955,0,3,0,142,16,183,143,tango dancing,0.55333,16,47
36,4.5,True,0.77632,0,3,0,142,16,183,143,tango dancing,0.55333,16,47
37,4.625,True,0.84923,0,3,0,142,16,182,145,tango dancing,0.55333,16,47
38,4.75,True,0.8559,0,3,0,141,16,182,145,tango dancing,0.55333,16,47
39,4.875,True,0.85014,0,3,0,141,16,182,146,tango dancing,0.55333,16,47
40,5.0,True,0.69534,718,4,1,57,50,123,164,giving or receiving award,0.29487,32,63
41,5.125,True,0.45958,816,4,1,58,51,123,164,giving or receiving award,0.29487,32,63
42,5.25,True,0.77198,0,2,0,142,17,182,145,giving or receiving award,0.29487,32,63
43,5.375,True,0.57391,597,4,1,60,52,123,165,giving or receiving award,0.29487,32,63
44,5.5,True,0.67374,4,3,1,61,52,123,165,giving or receiving award,0.29487,32,63
45,5.625,True,0.47955,0,4,0,62,53,123,164,giving or receiving award,0.29487,32,63
46,5.75,True,0.78053,0,4,0,63,53,123,165,giving or receiving award,0.29487,32,63
47,5.875,True,0.7281,0,4,0,64,53,123,165,giving or receiving award,0.29487,32,63
48,6.0,True,0.843,0,4,0,64,54,123,164,giving or receiving award,0.29487,32,63
49,6.125,True,0.82728,0,4,0,64,54,123,164,giving or receiving award,0.29487,32,63
50,6.25,True,0.86226,0,4,0,63,54,123,164,giving or receiving award,0.29487,32,63
51,6.375,True,0.84277,0,4,0,142,17,182,146,giving or receiving award,0.29487,32,63
52,6.5,True,0.66329,837,4,1,60,52,122,165,giving or receiving award,0.29487,32,63
53,6.625,True,0.58652,833,4,1,57,52,123,164,giving or receiving award,0.29487,32,63
54,6.75,True,0.63624,1674,5,1,48,50,123,164,giving or receiving award,0.29487,32,63
55,6.875,True,0.71559,2034,3,1,46,54,123,164,giving or receiving award,0.29487,32,63
56,7.0,True,0.64396,1577,3,1,53,65,122,164,tango dancing,0.69646,48,79
57,7.125,True,0.68654,3663,3,1,33,48,122,164,tango dancing,0.69646,48,79
58,7.25,True,0.37534,2601,3,1,31,49,122,164,tango dancing,0.69646,48,79
59,7.375,True,0.48649,2186,3,1,30,48,122,165,tango dancing,0.69646,48,79
60,7.5,True,0.86387,0,3,0,143,17,182,145,tango dancing,0.69646,48,79
61,7.625,True,0.38442,1164,4,1,52,51,121,165,tango dancing,0.69646,48,79
62,7.75,True,0.86174,0,2,0,143,17,182,145,tango dancing,0.69646,48,79
63,7.875,True,0.85995,0,2,0,143,17,183,146,tango dancing,0.69646,48,79
64,8.0,True,0.8264,2655,3,1,29,46,121,165,tango dancing,0.69646,48,79
65,8.125,True,0.81671,2835,4,1,32,47,121,165,tango dancing,0.69646,48,79
66,8.25,True,0.84144,2051,4,1,33,47,121,165,tango dancing,0.69646,48,79
67,8.375,True,0.87488,1231,3,1,35,48,122,165,tango dancing,0.69646,48,79
68,8.5,True,0.89597,1614,3,1,36,47,123,165,tango dancing,0.69646,48,79
69,8.625,True,0.84224,860,3,1,38,47,122,165,tango dancing,0.69646,48,79
70,8.75,True,0.81523,1494,4,1,40,48,122,165,tango dancing,0.69646,48,79
71,8.875,True,0.82398,1456,4,1,43,49,122,165,tango dancing,0.69646,48,79
72,9.0,True,0.78355,699,4,1,45,49,122,165,tango dancing,0.69646,48,79
73,9.125,True,0.5671,243,4,1,49,49,122,164,tango dancing,0.69646,48,79
74,9.25,True,0.54996,0,4,0,65,68,122,165,tango dancing,0.69646,48,79
75,9.375,True,0.54723,461,4,1,63,53,122,165,tango dancing,0.69646,48,79
76,9.5,True,0.8212,748,4,1,67,43,127,165,tango dancing,0.69646,48,79
77,9.625,True,0.82146,0,3,0,142,17,182,145,tango dancing,0.69646,48,79
78,9.75,True,0.82141,0,3,0,142,17,182,145,tango dancing,0.69646,48,79
79,9.875,True,0.81699,0,3,0,139,16,182,145,tango dancing,0.69646,48,79
